symbol,pair,onboard_date,status
BTCUSDT,BTCUSDT,2019-09-25,TRADING
ETHUSDT,ETHUSDT,2019-09-25,TRADING
BCHUSDT,BCHUSDT,2019-09-25,TRADING
XRPUSDT,XRPUSDT,2019-09-25,TRADING
LTCUSDT,LTCUSDT,2019-09-25,TRADING
TRXUSDT,TRXUSDT,2019-09-25,TRADING
ETCUSDT,ETCUSDT,2019-09-25,TRADING
LINKUSDT,LINKUSDT,2019-09-25,TRADING
XLMUSDT,XLMUSDT,2019-09-25,TRADING
ADAUSDT,ADAUSDT,2019-09-25,TRADING
XMRUSDT,XMRUSDT,2019-09-25,TRADING
DASHUSDT,DASHUSDT,2019-09-25,TRADING
ZECUSDT,ZECUSDT,2019-09-25,TRADING
XTZUSDT,XTZUSDT,2019-09-25,TRADING
BNBUSDT,BNBUSDT,2019-09-25,TRADING
ATOMUSDT,ATOMUSDT,2019-09-25,TRADING
ONTUSDT,ONTUSDT,2019-09-25,TRADING
IOTAUSDT,IOTAUSDT,2019-09-25,TRADING
BATUSDT,BATUSDT,2019-09-25,TRADING
VETUSDT,VETUSDT,2019-09-25,TRADING
NEOUSDT,NEOUSDT,2019-09-25,TRADING
QTUMUSDT,QTUMUSDT,2019-09-25,TRADING
IOSTUSDT,IOSTUSDT,2019-09-25,TRADING
THETAUSDT,THETAUSDT,2019-09-25,TRADING
ALGOUSDT,ALGOUSDT,2019-09-25,TRADING
ZILUSDT,ZILUSDT,2019-09-25,TRADING
KNCUSDT,KNCUSDT,2019-09-25,TRADING
ZRXUSDT,ZRXUSDT,2019-09-25,TRADING
COMPUSDT,COMPUSDT,2019-09-25,TRADING
DOGEUSDT,DOGEUSDT,2019-09-25,TRADING
KAVAUSDT,KAVAUSDT,2019-09-25,TRADING
BANDUSDT,BANDUSDT,2019-09-25,TRADING
RLCUSDT,RLCUSDT,2019-09-25,TRADING
SNXUSDT,SNXUSDT,2019-09-25,TRADING
DOTUSDT,DOTUSDT,2019-09-25,TRADING
YFIUSDT,YFIUSDT,2019-09-25,TRADING
CRVUSDT,CRVUSDT,2019-09-25,TRADING
TRBUSDT,TRBUSDT,2019-09-25,TRADING
RUNEUSDT,RUNEUSDT,2019-09-25,TRADING
SUSHIUSDT,SUSHIUSDT,2019-09-25,TRADING
EGLDUSDT,EGLDUSDT,2019-09-25,TRADING
SOLUSDT,SOLUSDT,2019-09-25,TRADING
ICXUSDT,ICXUSDT,2019-09-25,TRADING
STORJUSDT,STORJUSDT,2019-09-25,TRADING
UNIUSDT,UNIUSDT,2019-09-25,TRADING
AVAXUSDT,AVAXUSDT,2019-09-25,TRADING
ENJUSDT,ENJUSDT,2019-09-25,TRADING
KSMUSDT,KSMUSDT,2019-09-25,TRADING
NEARUSDT,NEARUSDT,2019-09-25,TRADING
AAVEUSDT,AAVEUSDT,2019-09-25,TRADING
FILUSDT,FILUSDT,2019-09-25,TRADING
RSRUSDT,RSRUSDT,2019-09-25,TRADING
LRCUSDT,LRCUSDT,2019-09-25,TRADING
BELUSDT,BELUSDT,2019-09-25,TRADING
AXSUSDT,AXSUSDT,2019-09-25,TRADING
ZENUSDT,ZENUSDT,2019-09-25,TRADING
SKLUSDT,SKLUSDT,2020-08-24,TRADING
GRTUSDT,GRTUSDT,2020-12-18,TRADING
1INCHUSDT,1INCHUSDT,2020-12-25,TRADING
CHZUSDT,CHZUSDT,2021-01-21,TRADING
SANDUSDT,SANDUSDT,2021-01-18,TRADING
ANKRUSDT,ANKRUSDT,2021-01-25,TRADING
RVNUSDT,RVNUSDT,2021-02-23,TRADING
SFPUSDT,SFPUSDT,2021-02-24,TRADING
COTIUSDT,COTIUSDT,2021-03-09,TRADING
CHRUSDT,CHRUSDT,2021-03-12,TRADING
MANAUSDT,MANAUSDT,2021-03-14,TRADING
ALICEUSDT,ALICEUSDT,2021-03-15,TRADING
HBARUSDT,HBARUSDT,2021-03-17,TRADING
ONEUSDT,ONEUSDT,2021-03-17,TRADING
DENTUSDT,DENTUSDT,2021-03-23,TRADING
CELRUSDT,CELRUSDT,2021-03-29,TRADING
HOTUSDT,HOTUSDT,2021-03-30,TRADING
MTLUSDT,MTLUSDT,2021-03-31,TRADING
OGNUSDT,OGNUSDT,2021-03-31,TRADING
1000SHIBUSDT,1000SHIBUSDT,2021-05-10,TRADING
GTCUSDT,GTCUSDT,2021-03-15,TRADING
BTCDOMUSDT,BTCDOMUSDT,2021-06-17,TRADING
IOTXUSDT,IOTXUSDT,2021-08-11,TRADING
C98USDT,C98USDT,2021-08-23,TRADING
MASKUSDT,MASKUSDT,2021-07-16,TRADING
ATAUSDT,ATAUSDT,2021-08-30,TRADING
DYDXUSDT,DYDXUSDT,2021-09-09,TRADING
1000XECUSDT,1000XECUSDT,2021-09-16,TRADING
GALAUSDT,GALAUSDT,2021-09-17,TRADING
CELOUSDT,CELOUSDT,2021-09-26,TRADING
ARUSDT,ARUSDT,2021-09-28,TRADING
ARPAUSDT,ARPAUSDT,2021-10-18,TRADING
CTSIUSDT,CTSIUSDT,2021-10-25,TRADING
LPTUSDT,LPTUSDT,2021-11-10,TRADING
ENSUSDT,ENSUSDT,2021-11-29,TRADING
PEOPLEUSDT,PEOPLEUSDT,2021-12-23,TRADING
ROSEUSDT,ROSEUSDT,2021-12-31,TRADING
DUSKUSDT,DUSKUSDT,2022-01-06,TRADING
FLOWUSDT,FLOWUSDT,2022-02-09,TRADING
IMXUSDT,IMXUSDT,2022-02-10,TRADING
API3USDT,API3USDT,2022-02-21,TRADING
GMTUSDT,GMTUSDT,2022-03-14,TRADING
APEUSDT,APEUSDT,2022-03-17,TRADING
WOOUSDT,WOOUSDT,2022-04-07,TRADING
JASMYUSDT,JASMYUSDT,2022-04-19,TRADING
OPUSDT,OPUSDT,2022-06-01,TRADING
INJUSDT,INJUSDT,2022-08-16,TRADING
STGUSDT,STGUSDT,2022-08-24,TRADING
SPELLUSDT,SPELLUSDT,2022-09-05,TRADING
1000LUNCUSDT,1000LUNCUSDT,2022-09-08,TRADING
LUNA2USDT,LUNA2USDT,2022-09-09,TRADING
LDOUSDT,LDOUSDT,2022-09-21,TRADING
ICPUSDT,ICPUSDT,2021-07-30,TRADING
APTUSDT,APTUSDT,2022-10-18,TRADING
QNTUSDT,QNTUSDT,2022-10-18,TRADING
FETUSDT,FETUSDT,2023-01-15,TRADING
HOOKUSDT,HOOKUSDT,2023-01-19,TRADING
MAGICUSDT,MAGICUSDT,2023-01-23,TRADING
TUSDT,TUSDT,2023-01-31,TRADING
HIGHUSDT,HIGHUSDT,2023-02-03,TRADING
MINAUSDT,MINAUSDT,2023-02-03,TRADING
ASTRUSDT,ASTRUSDT,2023-02-13,TRADING
PHBUSDT,PHBUSDT,2023-02-15,TRADING
GMXUSDT,GMXUSDT,2023-02-16,TRADING
CFXUSDT,CFXUSDT,2023-02-19,TRADING
STXUSDT,STXUSDT,2023-02-20,TRADING
ACHUSDT,ACHUSDT,2023-02-21,TRADING
SSVUSDT,SSVUSDT,2023-02-23,TRADING
CKBUSDT,CKBUSDT,2023-02-27,TRADING
TRUUSDT,TRUUSDT,2023-03-06,TRADING
LQTYUSDT,LQTYUSDT,2023-03-08,TRADING
USDCUSDT,USDCUSDT,2023-03-12,TRADING
IDUSDT,IDUSDT,2023-03-23,TRADING
ARBUSDT,ARBUSDT,2023-03-23,TRADING
JOEUSDT,JOEUSDT,2023-03-28,TRADING
TLMUSDT,TLMUSDT,2023-03-29,TRADING
RDNTUSDT,RDNTUSDT,2023-04-04,TRADING
HFTUSDT,HFTUSDT,2023-04-05,TRADING
XVSUSDT,XVSUSDT,2023-04-12,TRADING
BLURUSDT,BLURUSDT,2023-04-27,TRADING
EDUUSDT,EDUUSDT,2023-04-28,TRADING
SUIUSDT,SUIUSDT,2023-05-03,TRADING
1000PEPEUSDT,1000PEPEUSDT,2023-05-05,TRADING
1000FLOKIUSDT,1000FLOKIUSDT,2023-05-06,TRADING
UMAUSDT,UMAUSDT,2023-05-09,TRADING
NMRUSDT,NMRUSDT,2023-06-22,TRADING
MAVUSDT,MAVUSDT,2023-06-29,TRADING
XVGUSDT,XVGUSDT,2023-07-05,TRADING
WLDUSDT,WLDUSDT,2023-07-24,TRADING
PENDLEUSDT,PENDLEUSDT,2023-07-28,TRADING
ARKMUSDT,ARKMUSDT,2023-07-28,TRADING
AGLDUSDT,AGLDUSDT,2023-07-29,TRADING
YGGUSDT,YGGUSDT,2023-08-05,TRADING
DODOXUSDT,DODOXUSDT,2023-08-08,TRADING
BNTUSDT,BNTUSDT,2023-08-10,TRADING
OXTUSDT,OXTUSDT,2023-08-11,TRADING
SEIUSDT,SEIUSDT,2023-08-17,TRADING
CYBERUSDT,CYBERUSDT,2023-08-21,TRADING
ARKUSDT,ARKUSDT,2023-09-19,TRADING
BICOUSDT,BICOUSDT,2023-09-28,TRADING
BIGTIMEUSDT,BIGTIMEUSDT,2023-10-12,TRADING
WAXPUSDT,WAXPUSDT,2023-10-18,TRADING
BSVUSDT,BSVUSDT,2023-10-20,TRADING
RIFUSDT,RIFUSDT,2023-10-21,TRADING
POLYXUSDT,POLYXUSDT,2023-10-25,TRADING
GASUSDT,GASUSDT,2023-10-25,TRADING
POWRUSDT,POWRUSDT,2023-10-27,TRADING
TIAUSDT,TIAUSDT,2023-10-31,TRADING
CAKEUSDT,CAKEUSDT,2023-11-02,TRADING
MEMEUSDT,MEMEUSDT,2023-11-03,TRADING
TWTUSDT,TWTUSDT,2023-11-03,TRADING
ORDIUSDT,ORDIUSDT,2023-11-07,TRADING
STEEMUSDT,STEEMUSDT,2023-11-08,TRADING
ILVUSDT,ILVUSDT,2023-11-10,TRADING
NTRNUSDT,NTRNUSDT,2023-11-14,TRADING
KASUSDT,KASUSDT,2023-11-17,TRADING
BEAMXUSDT,BEAMXUSDT,2023-11-17,TRADING
1000BONKUSDT,1000BONKUSDT,2023-11-22,TRADING
PYTHUSDT,PYTHUSDT,2023-11-22,TRADING
SUPERUSDT,SUPERUSDT,2023-11-26,TRADING
USTCUSDT,USTCUSDT,2023-11-27,TRADING
ONGUSDT,ONGUSDT,2023-11-27,TRADING
ETHWUSDT,ETHWUSDT,2023-11-28,TRADING
JTOUSDT,JTOUSDT,2023-12-08,TRADING
1000SATSUSDT,1000SATSUSDT,2023-12-12,TRADING
AUCTIONUSDT,AUCTIONUSDT,2023-12-15,TRADING
1000RATSUSDT,1000RATSUSDT,2023-12-15,TRADING
ACEUSDT,ACEUSDT,2023-12-18,TRADING
MOVRUSDT,MOVRUSDT,2023-12-26,TRADING
NFPUSDT,NFPUSDT,2023-12-27,TRADING
AIUSDT,AIUSDT,2024-01-08,TRADING
XAIUSDT,XAIUSDT,2024-01-09,TRADING
WIFUSDT,WIFUSDT,2024-01-18,TRADING
MANTAUSDT,MANTAUSDT,2024-01-18,TRADING
ONDOUSDT,ONDOUSDT,2024-01-20,TRADING
LSKUSDT,LSKUSDT,2024-01-25,TRADING
ALTUSDT,ALTUSDT,2024-01-25,TRADING
JUPUSDT,JUPUSDT,2024-01-31,TRADING
ZETAUSDT,ZETAUSDT,2024-02-02,TRADING
RONINUSDT,RONINUSDT,2024-02-06,TRADING
DYMUSDT,DYMUSDT,2024-02-07,TRADING
PIXELUSDT,PIXELUSDT,2024-02-19,TRADING
STRKUSDT,STRKUSDT,2024-02-20,TRADING
GLMUSDT,GLMUSDT,2024-02-22,TRADING
PORTALUSDT,PORTALUSDT,2024-02-29,TRADING
TONUSDT,TONUSDT,2024-03-01,TRADING
AXLUSDT,AXLUSDT,2024-03-01,TRADING
METISUSDT,METISUSDT,2024-03-12,TRADING
AEVOUSDT,AEVOUSDT,2024-03-13,TRADING
VANRYUSDT,VANRYUSDT,2024-03-13,TRADING
BOMEUSDT,BOMEUSDT,2024-03-16,TRADING
ETHFIUSDT,ETHFIUSDT,2024-03-18,TRADING
ENAUSDT,ENAUSDT,2024-04-02,TRADING
WUSDT,WUSDT,2024-04-03,TRADING
TNSRUSDT,TNSRUSDT,2024-04-08,TRADING
SAGAUSDT,SAGAUSDT,2024-04-09,TRADING
TAOUSDT,TAOUSDT,2024-04-11,TRADING
REZUSDT,REZUSDT,2024-04-30,TRADING
BBUSDT,BBUSDT,2024-05-13,TRADING
NOTUSDT,NOTUSDT,2024-05-16,TRADING
TURBOUSDT,TURBOUSDT,2024-05-30,TRADING
IOUSDT,IOUSDT,2024-06-11,TRADING
ZKUSDT,ZKUSDT,2024-06-17,TRADING
MEWUSDT,MEWUSDT,2024-06-17,TRADING
LISTAUSDT,LISTAUSDT,2024-06-20,TRADING
ZROUSDT,ZROUSDT,2024-06-20,TRADING
RENDERUSDT,RENDERUSDT,2024-07-26,TRADING
BANANAUSDT,BANANAUSDT,2024-08-15,TRADING
RAREUSDT,RAREUSDT,2024-08-15,TRADING
GUSDT,GUSDT,2024-08-15,TRADING
SYNUSDT,SYNUSDT,2024-08-16,TRADING
SYSUSDT,SYSUSDT,2024-08-19,TRADING
BRETTUSDT,BRETTUSDT,2024-08-20,TRADING
POPCATUSDT,POPCATUSDT,2024-08-22,TRADING
SUNUSDT,SUNUSDT,2024-08-22,TRADING
DOGSUSDT,DOGSUSDT,2024-08-26,TRADING
MBOXUSDT,MBOXUSDT,2024-08-28,TRADING
FLUXUSDT,FLUXUSDT,2024-09-03,TRADING
RPLUSDT,RPLUSDT,2024-09-09,TRADING
POLUSDT,POLUSDT,2024-09-13,TRADING
1MBABYDOGEUSDT,1MBABYDOGEUSDT,2024-09-16,TRADING
NEIROUSDT,NEIROUSDT,2024-09-16,TRADING
FIDAUSDT,FIDAUSDT,2024-09-19,TRADING
FIOUSDT,FIOUSDT,2024-09-20,TRADING
CATIUSDT,CATIUSDT,2024-09-20,TRADING
HMSTRUSDT,HMSTRUSDT,2024-09-26,TRADING
COSUSDT,COSUSDT,2024-09-30,TRADING
EIGENUSDT,EIGENUSDT,2024-10-01,TRADING
DIAUSDT,DIAUSDT,2024-10-02,TRADING
1000CATUSDT,1000CATUSDT,2024-10-21,TRADING
SCRUSDT,SCRUSDT,2024-10-22,TRADING
GOATUSDT,GOATUSDT,2024-10-24,TRADING
MOODENGUSDT,MOODENGUSDT,2024-10-25,TRADING
SAFEUSDT,SAFEUSDT,2024-10-25,TRADING
SANTOSUSDT,SANTOSUSDT,2024-10-28,TRADING
COWUSDT,COWUSDT,2024-11-06,TRADING
CETUSUSDT,CETUSUSDT,2024-11-06,TRADING
1000000MOGUSDT,1000000MOGUSDT,2024-11-07,TRADING
GRASSUSDT,GRASSUSDT,2024-11-08,TRADING
DRIFTUSDT,DRIFTUSDT,2024-11-08,TRADING
ACTUSDT,ACTUSDT,2024-11-11,TRADING
PNUTUSDT,PNUTUSDT,2024-11-11,TRADING
HIPPOUSDT,HIPPOUSDT,2024-11-13,TRADING
DEGENUSDT,DEGENUSDT,2024-11-15,TRADING
BANUSDT,BANUSDT,2024-11-18,TRADING
AKTUSDT,AKTUSDT,2024-11-18,TRADING
SCRTUSDT,SCRTUSDT,2024-11-21,TRADING
1000CHEEMSUSDT,1000CHEEMSUSDT,2024-11-25,TRADING
1000WHYUSDT,1000WHYUSDT,2024-11-25,TRADING
THEUSDT,THEUSDT,2024-11-27,TRADING
MORPHOUSDT,MORPHOUSDT,2024-11-27,TRADING
CHILLGUYUSDT,CHILLGUYUSDT,2024-11-27,TRADING
KAIAUSDT,KAIAUSDT,2024-12-04,TRADING
AEROUSDT,AEROUSDT,2024-12-04,TRADING
ACXUSDT,ACXUSDT,2024-12-06,TRADING
ORCAUSDT,ORCAUSDT,2024-12-06,TRADING
MOVEUSDT,MOVEUSDT,2024-12-09,TRADING
RAYSOLUSDT,RAYSOLUSDT,2024-12-10,TRADING
KOMAUSDT,KOMAUSDT,2024-12-10,TRADING
VIRTUALUSDT,VIRTUALUSDT,2024-12-10,TRADING
SPXUSDT,SPXUSDT,2024-12-10,TRADING
MEUSDT,MEUSDT,2024-12-10,TRADING
AVAUSDT,AVAUSDT,2024-12-13,TRADING
DEGOUSDT,DEGOUSDT,2024-12-13,TRADING
VELODROMEUSDT,VELODROMEUSDT,2024-12-13,TRADING
MOCAUSDT,MOCAUSDT,2024-12-16,TRADING
VANAUSDT,VANAUSDT,2024-12-16,TRADING
PENGUUSDT,PENGUUSDT,2024-12-17,TRADING
LUMIAUSDT,LUMIAUSDT,2024-12-18,TRADING
USUALUSDT,USUALUSDT,2024-12-18,TRADING
AIXBTUSDT,AIXBTUSDT,2024-12-20,TRADING
FARTCOINUSDT,FARTCOINUSDT,2024-12-20,TRADING
KMNOUSDT,KMNOUSDT,2024-12-20,TRADING
CGPTUSDT,CGPTUSDT,2024-12-20,TRADING
HIVEUSDT,HIVEUSDT,2024-12-23,TRADING
DEXEUSDT,DEXEUSDT,2024-12-24,TRADING
PHAUSDT,PHAUSDT,2024-12-30,TRADING
GRIFFAINUSDT,GRIFFAINUSDT,2025-01-02,TRADING
ZEREBROUSDT,ZEREBROUSDT,2025-01-02,TRADING
BIOUSDT,BIOUSDT,2025-01-03,TRADING
COOKIEUSDT,COOKIEUSDT,2025-01-07,TRADING
ALCHUSDT,ALCHUSDT,2025-01-07,TRADING
SWARMSUSDT,SWARMSUSDT,2025-01-07,TRADING
SONICUSDT,SONICUSDT,2025-01-08,TRADING
DUSDT,DUSDT,2025-01-09,TRADING
PROMUSDT,PROMUSDT,2025-01-15,TRADING
SUSDT,SUSDT,2025-01-16,TRADING
SOLVUSDT,SOLVUSDT,2025-01-17,TRADING
ARCUSDT,ARCUSDT,2025-01-17,TRADING
AVAAIUSDT,AVAAIUSDT,2025-01-17,TRADING
TRUMPUSDT,TRUMPUSDT,2025-01-18,TRADING
MELANIAUSDT,MELANIAUSDT,2025-01-20,TRADING
VTHOUSDT,VTHOUSDT,2025-01-22,TRADING
ANIMEUSDT,ANIMEUSDT,2025-01-23,TRADING
VINEUSDT,VINEUSDT,2025-01-24,TRADING
PIPPINUSDT,PIPPINUSDT,2025-01-24,TRADING
VVVUSDT,VVVUSDT,2025-01-29,TRADING
BERAUSDT,BERAUSDT,2025-02-06,TRADING
TSTUSDT,TSTUSDT,2025-02-09,TRADING
LAYERUSDT,LAYERUSDT,2025-02-11,TRADING
HEIUSDT,HEIUSDT,2025-02-13,TRADING
B3USDT,B3USDT,2025-02-13,TRADING
IPUSDT,IPUSDT,2025-02-13,TRADING
GPSUSDT,GPSUSDT,2025-02-17,TRADING
SHELLUSDT,SHELLUSDT,2025-02-17,TRADING
KAITOUSDT,KAITOUSDT,2025-02-20,TRADING
REDUSDT,REDUSDT,2025-03-06,TRADING
VICUSDT,VICUSDT,2025-03-12,TRADING
EPICUSDT,EPICUSDT,2025-03-13,TRADING
BMTUSDT,BMTUSDT,2025-03-17,TRADING
MUBARAKUSDT,MUBARAKUSDT,2025-03-17,TRADING
FORMUSDT,FORMUSDT,2025-03-19,TRADING
TUTUSDT,TUTUSDT,2025-03-20,TRADING
BROCCOLI714USDT,BROCCOLI714USDT,2025-03-21,TRADING
BROCCOLIF3BUSDT,BROCCOLIF3BUSDT,2025-03-21,TRADING
SIRENUSDT,SIRENUSDT,2025-03-22,TRADING
BANANAS31USDT,BANANAS31USDT,2025-03-22,TRADING
BRUSDT,BRUSDT,2025-03-21,TRADING
PLUMEUSDT,PLUMEUSDT,2025-03-21,TRADING
NILUSDT,NILUSDT,2025-03-24,TRADING
PARTIUSDT,PARTIUSDT,2025-03-25,TRADING
JELLYJELLYUSDT,JELLYJELLYUSDT,2025-03-26,TRADING
MAVIAUSDT,MAVIAUSDT,2025-03-26,TRADING
PAXGUSDT,PAXGUSDT,2025-03-27,TRADING
WALUSDT,WALUSDT,2025-03-27,TRADING
FUNUSDT,FUNUSDT,2025-03-31,TRADING
MLNUSDT,MLNUSDT,2025-03-31,TRADING
GUNUSDT,GUNUSDT,2025-03-31,TRADING
ATHUSDT,ATHUSDT,2025-04-02,TRADING
BABYUSDT,BABYUSDT,2025-04-05,TRADING
FORTHUSDT,FORTHUSDT,2025-04-08,TRADING
PROMPTUSDT,PROMPTUSDT,2025-04-11,TRADING
STOUSDT,STOUSDT,2025-04-12,TRADING
FHEUSDT,FHEUSDT,2025-04-12,TRADING
KERNELUSDT,KERNELUSDT,2025-04-14,TRADING
WCTUSDT,WCTUSDT,2025-04-15,TRADING
INITUSDT,INITUSDT,2025-04-16,TRADING
AERGOUSDT,AERGOUSDT,2025-04-16,TRADING
BANKUSDT,BANKUSDT,2025-04-18,TRADING
DEEPUSDT,DEEPUSDT,2025-04-22,TRADING
HYPERUSDT,HYPERUSDT,2025-04-22,TRADING
JSTUSDT,JSTUSDT,2025-04-28,TRADING
SIGNUSDT,SIGNUSDT,2025-04-28,TRADING
PUNDIXUSDT,PUNDIXUSDT,2025-04-30,TRADING
CTKUSDT,CTKUSDT,2025-04-30,TRADING
AIOTUSDT,AIOTUSDT,2025-04-30,TRADING
DOLOUSDT,DOLOUSDT,2025-05-01,TRADING
HAEDALUSDT,HAEDALUSDT,2025-05-01,TRADING
SXTUSDT,SXTUSDT,2025-05-02,TRADING
ASRUSDT,ASRUSDT,2025-05-06,TRADING
ALPINEUSDT,ALPINEUSDT,2025-05-06,TRADING
B2USDT,B2USDT,2025-05-06,TRADING
SYRUPUSDT,SYRUPUSDT,2025-05-07,TRADING
DOODUSDT,DOODUSDT,2025-05-09,TRADING
OGUSDT,OGUSDT,2025-05-12,TRADING
ZKJUSDT,ZKJUSDT,2025-05-13,TRADING
SKYAIUSDT,SKYAIUSDT,2025-05-13,TRADING
NXPCUSDT,NXPCUSDT,2025-05-15,TRADING
CVCUSDT,CVCUSDT,2025-05-16,TRADING
AGTUSDT,AGTUSDT,2025-05-20,TRADING
AWEUSDT,AWEUSDT,2025-05-21,TRADING
BUSDT,BUSDT,2025-05-22,TRADING
SOONUSDT,SOONUSDT,2025-05-23,TRADING
HUMAUSDT,HUMAUSDT,2025-05-26,TRADING
AUSDT,AUSDT,2025-05-28,TRADING
SOPHUSDT,SOPHUSDT,2025-05-28,TRADING
MERLUSDT,MERLUSDT,2025-05-29,TRADING
HYPEUSDT,HYPEUSDT,2025-05-30,TRADING
BDXNUSDT,BDXNUSDT,2025-06-03,TRADING
PUFFERUSDT,PUFFERUSDT,2025-06-04,TRADING
1000000BOBUSDT,1000000BOBUSDT,2025-06-05,TRADING
LAUSDT,LAUSDT,2025-06-05,TRADING
HOMEUSDT,HOMEUSDT,2025-06-10,TRADING
RESOLVUSDT,RESOLVUSDT,2025-06-10,TRADING
TAIKOUSDT,TAIKOUSDT,2025-06-11,TRADING
SQDUSDT,SQDUSDT,2025-06-11,TRADING
PUMPBTCUSDT,PUMPBTCUSDT,2025-06-13,TRADING
SPKUSDT,SPKUSDT,2025-06-17,TRADING
MYXUSDT,MYXUSDT,2025-06-18,TRADING
FUSDT,FUSDT,2025-06-18,TRADING
NEWTUSDT,NEWTUSDT,2025-06-19,TRADING
HUSDT,HUSDT,2025-06-25,TRADING
OLUSDT,OLUSDT,2025-06-25,TRADING
SAHARAUSDT,SAHARAUSDT,2025-06-26,TRADING
ICNTUSDT,ICNTUSDT,2025-07-03,TRADING
BULLAUSDT,BULLAUSDT,2025-07-04,TRADING
IDOLUSDT,IDOLUSDT,2025-07-04,TRADING
MUSDT,MUSDT,2025-07-07,TRADING
PUMPUSDT,PUMPUSDT,2025-07-10,TRADING
CROSSUSDT,CROSSUSDT,2025-07-10,TRADING
AINUSDT,AINUSDT,2025-07-10,TRADING
CUSDT,CUSDT,2025-07-15,TRADING
VELVETUSDT,VELVETUSDT,2025-07-15,TRADING
TACUSDT,TACUSDT,2025-07-15,TRADING
ERAUSDT,ERAUSDT,2025-07-17,TRADING
TAUSDT,TAUSDT,2025-07-21,TRADING
CVXUSDT,CVXUSDT,2025-07-23,TRADING
SLPUSDT,SLPUSDT,2025-07-23,TRADING
ZORAUSDT,ZORAUSDT,2025-07-25,TRADING
TAGUSDT,TAGUSDT,2025-07-25,TRADING
ESPORTSUSDT,ESPORTSUSDT,2025-07-29,TRADING
TREEUSDT,TREEUSDT,2025-07-29,TRADING
A2ZUSDT,A2ZUSDT,2025-07-30,TRADING
PLAYUSDT,PLAYUSDT,2025-07-31,TRADING
NAORISUSDT,NAORISUSDT,2025-07-31,TRADING
TOWNSUSDT,TOWNSUSDT,2025-08-05,TRADING
PROVEUSDT,PROVEUSDT,2025-08-05,TRADING
ALLUSDT,ALLUSDT,2025-08-06,TRADING
INUSDT,INUSDT,2025-08-07,TRADING
CARVUSDT,CARVUSDT,2025-08-07,TRADING
AIOUSDT,AIOUSDT,2025-08-13,TRADING
XNYUSDT,XNYUSDT,2025-08-13,TRADING
USELESSUSDT,USELESSUSDT,2025-08-15,TRADING
DAMUSDT,DAMUSDT,2025-08-18,TRADING
SAPIENUSDT,SAPIENUSDT,2025-08-20,TRADING
XPLUSDT,XPLUSDT,2025-08-22,TRADING
WLFIUSDT,WLFIUSDT,2025-08-23,TRADING
SOMIUSDT,SOMIUSDT,2025-08-25,TRADING
BASUSDT,BASUSDT,2025-08-26,TRADING
BTRUSDT,BTRUSDT,2025-08-27,TRADING
MITOUSDT,MITOUSDT,2025-08-28,TRADING
HEMIUSDT,HEMIUSDT,2025-08-29,TRADING
LINEAUSDT,LINEAUSDT,2025-09-01,TRADING
QUSDT,QUSDT,2025-09-02,TRADING
ARIAUSDT,ARIAUSDT,2025-09-03,TRADING
TAKEUSDT,TAKEUSDT,2025-09-03,TRADING
PTBUSDT,PTBUSDT,2025-09-03,TRADING
OPENUSDT,OPENUSDT,2025-09-08,TRADING
FLOCKUSDT,FLOCKUSDT,2025-09-09,TRADING
SKYUSDT,SKYUSDT,2025-09-09,TRADING
AVNTUSDT,AVNTUSDT,2025-09-09,TRADING
HOLOUSDT,HOLOUSDT,2025-09-11,TRADING
XPINUSDT,XPINUSDT,2025-09-12,TRADING
UBUSDT,UBUSDT,2025-09-12,TRADING
ZKCUSDT,ZKCUSDT,2025-09-15,TRADING
TOSHIUSDT,TOSHIUSDT,2025-09-17,TRADING
STBLUSDT,STBLUSDT,2025-09-17,TRADING
0GUSDT,0GUSDT,2025-09-17,TRADING
BARDUSDT,BARDUSDT,2025-09-18,TRADING
ASTERUSDT,ASTERUSDT,2025-09-19,TRADING
TRADOORUSDT,TRADOORUSDT,2025-09-19,TRADING
BLESSUSDT,BLESSUSDT,2025-09-23,TRADING
FLUIDUSDT,FLUIDUSDT,2025-09-24,TRADING
COAIUSDT,COAIUSDT,2025-09-25,TRADING
HANAUSDT,HANAUSDT,2025-09-26,TRADING
MIRAUSDT,MIRAUSDT,2025-09-26,TRADING
AKEUSDT,AKEUSDT,2025-09-26,TRADING
ORDERUSDT,ORDERUSDT,2025-09-26,TRADING
LIGHTUSDT,LIGHTUSDT,2025-09-27,TRADING
XANUSDT,XANUSDT,2025-09-29,TRADING
FFUSDT,FFUSDT,2025-09-29,TRADING
VFYUSDT,VFYUSDT,2025-09-30,TRADING
EDENUSDT,EDENUSDT,2025-09-30,TRADING
NOMUSDT,NOMUSDT,2025-10-01,TRADING
TRUTHUSDT,TRUTHUSDT,2025-10-01,TRADING
2ZUSDT,2ZUSDT,2025-10-02,TRADING
EVAAUSDT,EVAAUSDT,2025-10-03,TRADING
LYNUSDT,LYNUSDT,2025-10-06,TRADING
KGENUSDT,KGENUSDT,2025-10-07,TRADING
4USDT,4USDT,2025-10-08,TRADING
GIGGLEUSDT,GIGGLEUSDT,2025-10-09,TRADING
MONUSDT,MONUSDT,2025-10-10,TRADING
YBUSDT,YBUSDT,2025-10-10,TRADING
METUSDT,METUSDT,2025-10-11,TRADING
EULUSDT,EULUSDT,2025-10-13,TRADING
ENSOUSDT,ENSOUSDT,2025-10-14,TRADING
CLOUSDT,CLOUSDT,2025-10-14,TRADING
RECALLUSDT,RECALLUSDT,2025-10-15,TRADING
ZBTUSDT,ZBTUSDT,2025-10-17,TRADING
LABUSDT,LABUSDT,2025-10-17,TRADING
RIVERUSDT,RIVERUSDT,2025-10-17,TRADING
币安人生USDT,币安人生USDT,2025-10-20,TRADING
BLUAIUSDT,BLUAIUSDT,2025-10-21,TRADING
TURTLEUSDT,TURTLEUSDT,2025-10-22,TRADING
APRUSDT,APRUSDT,2025-10-23,TRADING
ONUSDT,ONUSDT,2025-10-24,TRADING
KITEUSDT,KITEUSDT,2025-10-29,TRADING
ATUSDT,ATUSDT,2025-10-29,TRADING
CCUSDT,CCUSDT,2025-10-31,TRADING
MMTUSDT,MMTUSDT,2025-11-04,TRADING
TRUSTUSDT,TRUSTUSDT,2025-11-05,TRADING
UAIUSDT,UAIUSDT,2025-11-06,TRADING
FOLKSUSDT,FOLKSUSDT,2025-11-06,TRADING
STABLEUSDT,STABLEUSDT,2025-11-06,TRADING
JCTUSDT,JCTUSDT,2025-11-10,TRADING
ALLOUSDT,ALLOUSDT,2025-11-11,TRADING
CLANKERUSDT,CLANKERUSDT,2025-11-12,TRADING
BEATUSDT,BEATUSDT,2025-11-12,TRADING
PIEVERSEUSDT,PIEVERSEUSDT,2025-11-14,TRADING
SENTUSDT,SENTUSDT,2025-11-14,TRADING
BOBUSDT,BOBUSDT,2025-11-21,TRADING
IRYSUSDT,IRYSUSDT,2025-11-26,TRADING
RLSUSDT,RLSUSDT,2025-12-02,TRADING
POWERUSDT,POWERUSDT,2025-12-06,TRADING
WETUSDT,WETUSDT,2025-12-10,TRADING
NIGHTUSDT,NIGHTUSDT,2025-12-10,TRADING
USUSDT,USUSDT,2025-12-12,TRADING
CYSUSDT,CYSUSDT,2025-12-12,TRADING
RAVEUSDT,RAVEUSDT,2025-12-14,TRADING
ZKPUSDT,ZKPUSDT,2025-12-21,TRADING
GUAUSDT,GUAUSDT,2025-12-21,TRADING
IRUSDT,IRUSDT,2025-12-21,TRADING
LITUSDT,LITUSDT,2025-12-23,TRADING
BREVUSDT,BREVUSDT,2025-12-30,TRADING
COLLECTUSDT,COLLECTUSDT,2025-12-31,TRADING
MAGMAUSDT,MAGMAUSDT,2025-12-31,TRADING
ZAMAUSDT,ZAMAUSDT,2026-01-09,TRADING
FOGOUSDT,FOGOUSDT,2026-01-10,TRADING
FRAXUSDT,FRAXUSDT,2026-01-15,TRADING
SPORTFUNUSDT,SPORTFUNUSDT,2026-01-16,TRADING
AIAUSDT,AIAUSDT,2026-01-20,TRADING
ACUUSDT,ACUUSDT,2026-01-21,TRADING
我踏马来了USDT,我踏马来了USDT,2026-01-21,TRADING
ELSAUSDT,ELSAUSDT,2026-01-22,TRADING
SKRUSDT,SKRUSDT,2026-01-22,TRADING
SPACEUSDT,SPACEUSDT,2026-01-23,TRADING
FIGHTUSDT,FIGHTUSDT,2026-01-23,TRADING
BIRBUSDT,BIRBUSDT,2026-01-29,TRADING
GWEIUSDT,GWEIUSDT,2026-01-29,TRADING
MEGAUSDT,MEGAUSDT,2026-01-30,TRADING
INXUSDT,INXUSDT,2026-01-30,TRADING
TRIAUSDT,TRIAUSDT,2026-02-06,TRADING
ESPUSDT,ESPUSDT,2026-02-10,TRADING
AZTECUSDT,AZTECUSDT,2026-02-11,TRADING
OPNUSDT,OPNUSDT,2026-02-21,TRADING
ROBOUSDT,ROBOUSDT,2026-02-27,TRADING
KATUSDT,KATUSDT,2026-03-02,TRADING
MANTRAUSDT,MANTRAUSDT,2026-03-04,TRADING
